Dataset,Scheme,Metric,Paper,Ours,Paper_val,Ours_val,Δ Abs,Δ Rel. (%),Direction
Cora,HPNC-IM,ACC,74.1±0.5,65.6±2.7,74.1,65.64992614475628,-8.45,11.4,↓ lower
Cora,HPNC-IM,NMI,58.9±0.6,48.1±1.9,58.9,48.12069336668834,-10.78,18.3,↓ lower
Cora,HPNC-IM,ARI,51.5±0.9,39.9±3.6,51.5,39.90261077591632,-11.6,22.52,↓ lower
Cora,HPNC-DEC,ACC,74.4±0.5,67.4±1.5,74.4,67.40768094534712,-6.99,9.4,↓ lower
Cora,HPNC-DEC,NMI,59.4±0.9,49.9±1.2,59.4,49.851996232010926,-9.55,16.07,↓ lower
Cora,HPNC-DEC,ARI,51.9±1.2,43.7±0.8,51.9,43.73765051094441,-8.16,15.73,↓ lower
