Dataset,Scheme,ACC_mean,ACC_std,NMI_mean,NMI_std,ARI_mean,ARI_std
Cora,HPNC-IM,65.64992614475628,2.6814030884788393,48.12069336668834,1.9163787311369496,39.90261077591632,3.636800898149015
Cora,HPNC-DEC,67.40768094534712,1.4964756445393157,49.851996232010926,1.1994892549068386,43.73765051094441,0.7523485087946553
