{
  "Cora": {
    "HPNC-IM": {
      "ACC_mean": 64.88921713441654,
      "ACC_std": 1.4602808500638973,
      "NMI_mean": 46.03498538929169,
      "NMI_std": 1.3127063262851884,
      "ARI_mean": 37.82449205794303,
      "ARI_std": 0.8159593199600773
    },
    "HPNC-DEC": {
      "ACC_mean": 66.12259970457903,
      "ACC_std": 1.1504836001241727,
      "NMI_mean": 47.131735547645334,
      "NMI_std": 0.9253728286187743,
      "ARI_mean": 39.67902077798167,
      "ARI_std": 0.8586228897042032
    }
  }
}