{
  "Cora": {
    "HPNC-IM": {
      "ACC_mean": 65.64992614475628,
      "ACC_std": 2.6814030884788393,
      "NMI_mean": 48.12069336668834,
      "NMI_std": 1.9163787311369496,
      "ARI_mean": 39.90261077591632,
      "ARI_std": 3.636800898149015
    },
    "HPNC-DEC": {
      "ACC_mean": 67.40768094534712,
      "ACC_std": 1.4964756445393157,
      "NMI_mean": 49.851996232010926,
      "NMI_std": 1.1994892549068386,
      "ARI_mean": 43.73765051094441,
      "ARI_std": 0.7523485087946553
    }
  }
}